tillage_method,mulch_rate,depth,soil_water
Basins,zero mulch rate,300 mm,34.97483549
Basins,zero mulch rate,300 mm,37.403929
Basins,zero mulch rate,300 mm,33.41803363
Basins,zero mulch rate,300 mm,38.05974479
Basins,zero mulch rate,300 mm,10.12295455
Basins,zero mulch rate,300 mm,10.93013644
Basins,zero mulch rate,300 mm,15.25449427
Basins,zero mulch rate,300 mm,50.92432681
Basins,zero mulch rate,300 mm,41.85468405
Basins,zero mulch rate,300 mm,21.82480226
Basins,zero mulch rate,300 mm,35.69745163
Basins,zero mulch rate,300 mm,15.14364973
Basins,zero mulch rate,300 mm,17.85573529
Basins,zero mulch rate,300 mm,25.65694444
Basins,zero mulch rate,300 mm,27.18204178
Basins,zero mulch rate,300 mm,19.23715909
Basins,zero mulch rate,300 mm,19.64199077
Basins,zero mulch rate,300 mm,29.03112245
Basins,zero mulch rate,300 mm,6.049500555
Basins,zero mulch rate,300 mm,13.75512416
Basins,zero mulch rate,300 mm,18.54554044
Basins,zero mulch rate,600 mm,71.55798422
Basins,zero mulch rate,600 mm,81.00915926
Basins,zero mulch rate,600 mm,65.93221274
Basins,zero mulch rate,600 mm,87.81762894
Basins,zero mulch rate,600 mm,27.26155808
Basins,zero mulch rate,600 mm,26.12513644
Basins,zero mulch rate,600 mm,34.18949045
Basins,zero mulch rate,600 mm,84.17464738
Basins,zero mulch rate,600 mm,66.64897303
Basins,zero mulch rate,600 mm,50.48211537
Basins,zero mulch rate,600 mm,68.92002357
Basins,zero mulch rate,600 mm,38.09363277
Basins,zero mulch rate,600 mm,31.85394775
Basins,zero mulch rate,600 mm,44.81793647
Basins,zero mulch rate,600 mm,49.2615185
Basins,zero mulch rate,600 mm,51.33368921
Basins,zero mulch rate,600 mm,44.31366416
Basins,zero mulch rate,600 mm,63.73439626
Basins,zero mulch rate,600 mm,21.09779421
Basins,zero mulch rate,600 mm,32.36052059
Basins,zero mulch rate,600 mm,33.89234149
Basins,zero mulch rate,900 mm,121.6167338
Basins,zero mulch rate,900 mm,94.14778966
Basins,zero mulch rate,900 mm,128.0172874
Basins,zero mulch rate,900 mm,45.18281412
Basins,zero mulch rate,900 mm,45.08542683
Basins,zero mulch rate,900 mm,63.17805059
Basins,zero mulch rate,900 mm,112.3782528
Basins,zero mulch rate,900 mm,86.48582022
Basins,zero mulch rate,900 mm,103.1035237
Basins,zero mulch rate,900 mm,59.46230009
Basins,zero mulch rate,900 mm,60.55572413
Basins,zero mulch rate,900 mm,69.27243969
Basins,zero mulch rate,900 mm,73.61868836
Basins,zero mulch rate,900 mm,73.16861738
Basins,zero mulch rate,900 mm,97.17160626
Basins,zero mulch rate,900 mm,42.37389328
Basins,zero mulch rate,900 mm,59.94252776
Basins,zero mulch rate,900 mm,57.03947712
Plough,zero mulch rate,300 mm,23.25585038
Plough,zero mulch rate,300 mm,28.83263423
Plough,zero mulch rate,300 mm,30.31766732
Plough,zero mulch rate,300 mm,31.07215686
Plough,zero mulch rate,300 mm,8.163219481
Plough,zero mulch rate,300 mm,9.345779031
Plough,zero mulch rate,300 mm,27.26712148
Plough,zero mulch rate,300 mm,29.23566598
Plough,zero mulch rate,300 mm,20.80183853
Plough,zero mulch rate,300 mm,18.94919801
Plough,zero mulch rate,300 mm,31.96324084
Plough,zero mulch rate,300 mm,10.73174577
Plough,zero mulch rate,300 mm,11.37995465
Plough,zero mulch rate,300 mm,26.37303527
Plough,zero mulch rate,300 mm,36.818361
Plough,zero mulch rate,300 mm,21.90004662
Plough,zero mulch rate,300 mm,28.38276668
Plough,zero mulch rate,300 mm,22.36879
Plough,zero mulch rate,300 mm,19.73670807
Plough,zero mulch rate,300 mm,16.98195674
Plough,zero mulch rate,300 mm,20.63062004
Plough,zero mulch rate,600 mm,51.43569133
Plough,zero mulch rate,600 mm,69.35838308
Plough,zero mulch rate,600 mm,51.69329757
Plough,zero mulch rate,600 mm,78.80465686
Plough,zero mulch rate,600 mm,30.27057242
Plough,zero mulch rate,600 mm,31.79772908
Plough,zero mulch rate,600 mm,43.90065771
Plough,zero mulch rate,600 mm,53.69894271
Plough,zero mulch rate,600 mm,50.58868063
Plough,zero mulch rate,600 mm,40.42832809
Plough,zero mulch rate,600 mm,64.45032364
Plough,zero mulch rate,600 mm,20.71909696
Plough,zero mulch rate,600 mm,30.37370465
Plough,zero mulch rate,600 mm,41.3521726
Plough,zero mulch rate,600 mm,62.20986551
Plough,zero mulch rate,600 mm,49.38288976
Plough,zero mulch rate,600 mm,55.42147395
Plough,zero mulch rate,600 mm,54.23154511
Plough,zero mulch rate,600 mm,37.12209038
Plough,zero mulch rate,600 mm,36.60831967
Plough,zero mulch rate,600 mm,42.48140822
Plough,zero mulch rate,900 mm,113.6122944
Plough,zero mulch rate,900 mm,95.27909719
Plough,zero mulch rate,900 mm,126.4762588
Plough,zero mulch rate,900 mm,52.76759523
Plough,zero mulch rate,900 mm,61.54393687
Plough,zero mulch rate,900 mm,77.88351485
Plough,zero mulch rate,900 mm,86.00091325
Plough,zero mulch rate,900 mm,81.87694878
Plough,zero mulch rate,900 mm,105.5389287
Plough,zero mulch rate,900 mm,42.54439696
Plough,zero mulch rate,900 mm,53.50964405
Plough,zero mulch rate,900 mm,70.51122967
Plough,zero mulch rate,900 mm,70.29194566
Plough,zero mulch rate,900 mm,79.39818789
Plough,zero mulch rate,900 mm,87.29717412
Plough,zero mulch rate,900 mm,57.27829746
Plough,zero mulch rate,900 mm,61.89020252
Plough,zero mulch rate,900 mm,64.66523053
Ripper,zero mulch rate,300 mm,29.66658946
Ripper,zero mulch rate,300 mm,28.63219735
Ripper,zero mulch rate,300 mm,22.98387097
Ripper,zero mulch rate,300 mm,36.80026634
Ripper,zero mulch rate,300 mm,11.45268375
Ripper,zero mulch rate,300 mm,14.93333333
Ripper,zero mulch rate,300 mm,19.43245342
Ripper,zero mulch rate,300 mm,28.87910518
Ripper,zero mulch rate,300 mm,24.17211879
Ripper,zero mulch rate,300 mm,24.07168459
Ripper,zero mulch rate,300 mm,46.47229428
Ripper,zero mulch rate,300 mm,10.02203807
Ripper,zero mulch rate,300 mm,12.66607539
Ripper,zero mulch rate,300 mm,23.69290281
Ripper,zero mulch rate,300 mm,43.59256259
Ripper,zero mulch rate,300 mm,24.98323267
Ripper,zero mulch rate,300 mm,26.48628915
Ripper,zero mulch rate,300 mm,31.62681435
Ripper,zero mulch rate,300 mm,19.37237809
Ripper,zero mulch rate,300 mm,12.08210685
Ripper,zero mulch rate,300 mm,20.5965368
Ripper,zero mulch rate,600 mm,51.40126196
Ripper,zero mulch rate,600 mm,62.39857594
Ripper,zero mulch rate,600 mm,45.54045593
Ripper,zero mulch rate,600 mm,78.57884589
Ripper,zero mulch rate,600 mm,25.35974625
Ripper,zero mulch rate,600 mm,27.67413978
Ripper,zero mulch rate,600 mm,36.86321845
Ripper,zero mulch rate,600 mm,51.5231576
Ripper,zero mulch rate,600 mm,56.40337721
Ripper,zero mulch rate,600 mm,51.25168459
Ripper,zero mulch rate,600 mm,80.15803862
Ripper,zero mulch rate,600 mm,29.0005851
Ripper,zero mulch rate,600 mm,28.63246052
Ripper,zero mulch rate,600 mm,43.52667732
Ripper,zero mulch rate,600 mm,65.03967088
Ripper,zero mulch rate,600 mm,56.94815269
Ripper,zero mulch rate,600 mm,48.22039595
Ripper,zero mulch rate,600 mm,63.7792328
Ripper,zero mulch rate,600 mm,43.10026115
Ripper,zero mulch rate,600 mm,29.49495216
Ripper,zero mulch rate,600 mm,44.52708186
Ripper,zero mulch rate,900 mm,89.64367166
Ripper,zero mulch rate,900 mm,64.85987955
Ripper,zero mulch rate,900 mm,126.2224454
Ripper,zero mulch rate,900 mm,42.70279171
Ripper,zero mulch rate,900 mm,52.7635136
Ripper,zero mulch rate,900 mm,56.07397177
Ripper,zero mulch rate,900 mm,90.35879225
Ripper,zero mulch rate,900 mm,86.08379184
Ripper,zero mulch rate,900 mm,119.8761229
Ripper,zero mulch rate,900 mm,56.26158098
Ripper,zero mulch rate,900 mm,58.43989327
Ripper,zero mulch rate,900 mm,66.08994655
Ripper,zero mulch rate,900 mm,89.68778035
Ripper,zero mulch rate,900 mm,76.46274997
Ripper,zero mulch rate,900 mm,116.0924519
Ripper,zero mulch rate,900 mm,67.57215891
Ripper,zero mulch rate,900 mm,53.28722
Ripper,zero mulch rate,900 mm,70.88881109
Basins,0.5 mulch rate,300 mm,38.28599362
Basins,0.5 mulch rate,300 mm,28.88258363
Basins,0.5 mulch rate,300 mm,25.10354135
Basins,0.5 mulch rate,300 mm,33.63554546
Basins,0.5 mulch rate,300 mm,12.0899026
Basins,0.5 mulch rate,300 mm,13.51844363
Basins,0.5 mulch rate,300 mm,14.05229268
Basins,0.5 mulch rate,300 mm,34.59209559
Basins,0.5 mulch rate,300 mm,33.11314251
Basins,0.5 mulch rate,300 mm,20.30805344
Basins,0.5 mulch rate,300 mm,36.83001508
Basins,0.5 mulch rate,300 mm,7.88920975
Basins,0.5 mulch rate,300 mm,14.22455006
Basins,0.5 mulch rate,300 mm,28.02705673
Basins,0.5 mulch rate,300 mm,25.82395299
Basins,0.5 mulch rate,300 mm,25.62141031
Basins,0.5 mulch rate,300 mm,20.69272219
Basins,0.5 mulch rate,300 mm,32.06863442
Basins,0.5 mulch rate,300 mm,12.42667926
Basins,0.5 mulch rate,300 mm,16.25183784
Basins,0.5 mulch rate,300 mm,25.84262918
Basins,0.5 mulch rate,600 mm,59.9625492
Basins,0.5 mulch rate,600 mm,57.15758363
Basins,0.5 mulch rate,600 mm,53.49371992
Basins,0.5 mulch rate,600 mm,72.81548243
Basins,0.5 mulch rate,600 mm,27.95499115
Basins,0.5 mulch rate,600 mm,37.25907356
Basins,0.5 mulch rate,600 mm,27.08971085
Basins,0.5 mulch rate,600 mm,66.32051923
Basins,0.5 mulch rate,600 mm,66.38867014
Basins,0.5 mulch rate,600 mm,48.61827747
Basins,0.5 mulch rate,600 mm,67.7252027
Basins,0.5 mulch rate,600 mm,28.7351745
Basins,0.5 mulch rate,600 mm,36.60452842
Basins,0.5 mulch rate,600 mm,47.35544184
Basins,0.5 mulch rate,600 mm,56.76208816
Basins,0.5 mulch rate,600 mm,52.44208369
Basins,0.5 mulch rate,600 mm,41.09687912
Basins,0.5 mulch rate,600 mm,60.97082598
Basins,0.5 mulch rate,600 mm,33.70677727
Basins,0.5 mulch rate,600 mm,36.50708534
Basins,0.5 mulch rate,600 mm,48.34130565
Basins,0.5 mulch rate,900 mm,92.58183677
Basins,0.5 mulch rate,900 mm,92.19591148
Basins,0.5 mulch rate,900 mm,114.4331214
Basins,0.5 mulch rate,900 mm,46.30689747
Basins,0.5 mulch rate,900 mm,63.78610722
Basins,0.5 mulch rate,900 mm,45.19288393
Basins,0.5 mulch rate,900 mm,98.34500387
Basins,0.5 mulch rate,900 mm,82.73010662
Basins,0.5 mulch rate,900 mm,112.5555667
Basins,0.5 mulch rate,900 mm,51.41716148
Basins,0.5 mulch rate,900 mm,70.77786353
Basins,0.5 mulch rate,900 mm,65.9851632
Basins,0.5 mulch rate,900 mm,76.56754447
Basins,0.5 mulch rate,900 mm,71.0016044
Basins,0.5 mulch rate,900 mm,96.61694866
Basins,0.5 mulch rate,900 mm,54.49001838
Basins,0.5 mulch rate,900 mm,62.73576108
Basins,0.5 mulch rate,900 mm,73.20444399
Plough,0.5 mulch rate,300 mm,32.89107961
Plough,0.5 mulch rate,300 mm,27.82815126
Plough,0.5 mulch rate,300 mm,14.39018227
Plough,0.5 mulch rate,300 mm,33.91237556
Plough,0.5 mulch rate,300 mm,10.06557887
Plough,0.5 mulch rate,300 mm,13.38906593
Plough,0.5 mulch rate,300 mm,13.80403318
Plough,0.5 mulch rate,300 mm,34.21515152
Plough,0.5 mulch rate,300 mm,29.24319493
Plough,0.5 mulch rate,300 mm,29.71367754
Plough,0.5 mulch rate,300 mm,38.82926743
Plough,0.5 mulch rate,300 mm,6.44107604
Plough,0.5 mulch rate,300 mm,15.01327485
Plough,0.5 mulch rate,300 mm,25.25272727
Plough,0.5 mulch rate,300 mm,34.30857599
Plough,0.5 mulch rate,300 mm,16.86694226
Plough,0.5 mulch rate,300 mm,28.54703947
Plough,0.5 mulch rate,300 mm,24.36071429
Plough,0.5 mulch rate,300 mm,11.70278544
Plough,0.5 mulch rate,300 mm,18.40537757
Plough,0.5 mulch rate,300 mm,27.57286785
Plough,0.5 mulch rate,600 mm,66.52092655
Plough,0.5 mulch rate,600 mm,67.16369281
Plough,0.5 mulch rate,600 mm,33.90027842
Plough,0.5 mulch rate,600 mm,79.95793678
Plough,0.5 mulch rate,600 mm,23.54659976
Plough,0.5 mulch rate,600 mm,24.35856593
Plough,0.5 mulch rate,600 mm,26.83610865
Plough,0.5 mulch rate,600 mm,63.41523813
Plough,0.5 mulch rate,600 mm,69.23600677
Plough,0.5 mulch rate,600 mm,69.04534571
Plough,0.5 mulch rate,600 mm,68.64135901
Plough,0.5 mulch rate,600 mm,19.87806964
Plough,0.5 mulch rate,600 mm,34.85189619
Plough,0.5 mulch rate,600 mm,48.52649575
Plough,0.5 mulch rate,600 mm,65.64508915
Plough,0.5 mulch rate,600 mm,37.47554201
Plough,0.5 mulch rate,600 mm,54.85974376
Plough,0.5 mulch rate,600 mm,52.47585714
Plough,0.5 mulch rate,600 mm,41.85439115
Plough,0.5 mulch rate,600 mm,41.29547085
Plough,0.5 mulch rate,600 mm,56.55296302
Plough,0.5 mulch rate,900 mm,104.6725341
Plough,0.5 mulch rate,900 mm,75.81568685
Plough,0.5 mulch rate,900 mm,126.0418673
Plough,0.5 mulch rate,900 mm,44.09744738
Plough,0.5 mulch rate,900 mm,54.84969381
Plough,0.5 mulch rate,900 mm,43.25053564
Plough,0.5 mulch rate,900 mm,100.3987963
Plough,0.5 mulch rate,900 mm,105.4362111
Plough,0.5 mulch rate,900 mm,108.0733323
Plough,0.5 mulch rate,900 mm,39.39929763
Plough,0.5 mulch rate,900 mm,65.91653718
Plough,0.5 mulch rate,900 mm,82.63095457
Plough,0.5 mulch rate,900 mm,82.60272937
Plough,0.5 mulch rate,900 mm,87.75581156
Plough,0.5 mulch rate,900 mm,88.40269406
Plough,0.5 mulch rate,900 mm,76.57592389
Plough,0.5 mulch rate,900 mm,70.22023046
Plough,0.5 mulch rate,900 mm,89.78119539
Ripper,0.5 mulch rate,300 mm,29.92044507
Ripper,0.5 mulch rate,300 mm,30.80989643
Ripper,0.5 mulch rate,300 mm,32.61774841
Ripper,0.5 mulch rate,300 mm,35.42596349
Ripper,0.5 mulch rate,300 mm,7.640769231
Ripper,0.5 mulch rate,300 mm,16.22432277
Ripper,0.5 mulch rate,300 mm,16.83702978
Ripper,0.5 mulch rate,300 mm,29.60565217
Ripper,0.5 mulch rate,300 mm,24.9944122
Ripper,0.5 mulch rate,300 mm,25.10130665
Ripper,0.5 mulch rate,300 mm,33.08335135
Ripper,0.5 mulch rate,300 mm,14.34828297
Ripper,0.5 mulch rate,300 mm,13.06050354
Ripper,0.5 mulch rate,300 mm,16.79613643
Ripper,0.5 mulch rate,300 mm,19.57886978
Ripper,0.5 mulch rate,300 mm,31.89519055
Ripper,0.5 mulch rate,300 mm,31.9009511
Ripper,0.5 mulch rate,300 mm,38.60305164
Ripper,0.5 mulch rate,300 mm,12.30820901
Ripper,0.5 mulch rate,300 mm,13.90578512
Ripper,0.5 mulch rate,300 mm,20.07070049
Ripper,0.5 mulch rate,600 mm,67.81751174
Ripper,0.5 mulch rate,600 mm,70.80763837
Ripper,0.5 mulch rate,600 mm,65.55828413
Ripper,0.5 mulch rate,600 mm,74.36137561
Ripper,0.5 mulch rate,600 mm,24.84541209
Ripper,0.5 mulch rate,600 mm,39.34210346
Ripper,0.5 mulch rate,600 mm,38.44690491
Ripper,0.5 mulch rate,600 mm,70.1485614
Ripper,0.5 mulch rate,600 mm,59.07074198
Ripper,0.5 mulch rate,600 mm,58.17623408
Ripper,0.5 mulch rate,600 mm,71.62432879
Ripper,0.5 mulch rate,600 mm,33.9545429
Ripper,0.5 mulch rate,600 mm,33.18890957
Ripper,0.5 mulch rate,600 mm,35.75942569
Ripper,0.5 mulch rate,600 mm,70.51594042
Ripper,0.5 mulch rate,600 mm,71.58916077
Ripper,0.5 mulch rate,600 mm,63.20486677
Ripper,0.5 mulch rate,600 mm,66.55072366
Ripper,0.5 mulch rate,600 mm,49.20833963
Ripper,0.5 mulch rate,600 mm,31.74799824
Ripper,0.5 mulch rate,600 mm,43.98662059
Ripper,0.5 mulch rate,900 mm,102.7103491
Ripper,0.5 mulch rate,900 mm,95.70304096
Ripper,0.5 mulch rate,900 mm,114.9626178
Ripper,0.5 mulch rate,900 mm,45.96302572
Ripper,0.5 mulch rate,900 mm,69.41412288
Ripper,0.5 mulch rate,900 mm,62.64725213
Ripper,0.5 mulch rate,900 mm,93.30025678
Ripper,0.5 mulch rate,900 mm,93.24556722
Ripper,0.5 mulch rate,900 mm,119.6327865
Ripper,0.5 mulch rate,900 mm,60.90585754
Ripper,0.5 mulch rate,900 mm,61.80000714
Ripper,0.5 mulch rate,900 mm,61.50344118
Ripper,0.5 mulch rate,900 mm,104.2462408
Ripper,0.5 mulch rate,900 mm,92.80694093
Ripper,0.5 mulch rate,900 mm,94.68924809
Ripper,0.5 mulch rate,900 mm,74.04785667
Ripper,0.5 mulch rate,900 mm,59.10432257
Ripper,0.5 mulch rate,900 mm,81.17714007
Basins,1 mulch rate,300 mm,34.85936163
Basins,1 mulch rate,300 mm,29.63776208
Basins,1 mulch rate,300 mm,25.40412371
Basins,1 mulch rate,300 mm,39.53538535
Basins,1 mulch rate,300 mm,9.177534965
Basins,1 mulch rate,300 mm,11.5887931
Basins,1 mulch rate,300 mm,22.0163948
Basins,1 mulch rate,300 mm,29.96563314
Basins,1 mulch rate,300 mm,19.06048951
Basins,1 mulch rate,300 mm,26.6509375
Basins,1 mulch rate,300 mm,23.42518352
Basins,1 mulch rate,300 mm,9.226410106
Basins,1 mulch rate,300 mm,9.636542056
Basins,1 mulch rate,300 mm,24.92278772
Basins,1 mulch rate,300 mm,27.55178442
Basins,1 mulch rate,300 mm,33.88205749
Basins,1 mulch rate,300 mm,26.89411718
Basins,1 mulch rate,300 mm,47.43638511
Basins,1 mulch rate,300 mm,11.37862584
Basins,1 mulch rate,300 mm,18.47150943
Basins,1 mulch rate,300 mm,35.11173737
Basins,1 mulch rate,600 mm,57.32509638
Basins,1 mulch rate,600 mm,66.28189252
Basins,1 mulch rate,600 mm,55.25412371
Basins,1 mulch rate,600 mm,70.69665186
Basins,1 mulch rate,600 mm,21.61083676
Basins,1 mulch rate,600 mm,29.14540611
Basins,1 mulch rate,600 mm,42.36287281
Basins,1 mulch rate,600 mm,56.470851
Basins,1 mulch rate,600 mm,44.39887797
Basins,1 mulch rate,600 mm,50.24666921
Basins,1 mulch rate,600 mm,60.88228668
Basins,1 mulch rate,600 mm,26.12938883
Basins,1 mulch rate,600 mm,28.94304849
Basins,1 mulch rate,600 mm,41.85626152
Basins,1 mulch rate,600 mm,61.46812236
Basins,1 mulch rate,600 mm,72.24170034
Basins,1 mulch rate,600 mm,59.60291888
Basins,1 mulch rate,600 mm,81.16229621
Basins,1 mulch rate,600 mm,25.15105618
Basins,1 mulch rate,600 mm,46.585612
Basins,1 mulch rate,600 mm,65.55887822
Basins,1 mulch rate,900 mm,97.16812344
Basins,1 mulch rate,900 mm,94.0464123
Basins,1 mulch rate,900 mm,106.7248391
Basins,1 mulch rate,900 mm,44.79276157
Basins,1 mulch rate,900 mm,61.30537123
Basins,1 mulch rate,900 mm,65.4951311
Basins,1 mulch rate,900 mm,80.12291001
Basins,1 mulch rate,900 mm,77.67788567
Basins,1 mulch rate,900 mm,98.15201701
Basins,1 mulch rate,900 mm,51.86368362
Basins,1 mulch rate,900 mm,55.17889264
Basins,1 mulch rate,900 mm,66.69766026
Basins,1 mulch rate,900 mm,108.3465901
Basins,1 mulch rate,900 mm,102.8675874
Basins,1 mulch rate,900 mm,106.7086935
Basins,1 mulch rate,900 mm,40.5368889
Basins,1 mulch rate,900 mm,83.32839572
Basins,1 mulch rate,900 mm,104.0191907
Plough,1 mulch rate,300 mm,21.88004587
Plough,1 mulch rate,300 mm,25.35688093
Plough,1 mulch rate,300 mm,19.28869252
Plough,1 mulch rate,300 mm,37.02214942
Plough,1 mulch rate,300 mm,12.41246012
Plough,1 mulch rate,300 mm,13.34002041
Plough,1 mulch rate,300 mm,33.2077504
Plough,1 mulch rate,300 mm,41.97918313
Plough,1 mulch rate,300 mm,36.10077264
Plough,1 mulch rate,300 mm,23.46362903
Plough,1 mulch rate,300 mm,42.95151157
Plough,1 mulch rate,300 mm,11.77338979
Plough,1 mulch rate,300 mm,16.14287915
Plough,1 mulch rate,300 mm,17.23479223
Plough,1 mulch rate,300 mm,41.48185482
Plough,1 mulch rate,300 mm,18.55540943
Plough,1 mulch rate,300 mm,23.27626363
Plough,1 mulch rate,300 mm,29.62477477
Plough,1 mulch rate,300 mm,11.54848332
Plough,1 mulch rate,300 mm,15.20586306
Plough,1 mulch rate,300 mm,24.72262156
Plough,1 mulch rate,600 mm,49.16937467
Plough,1 mulch rate,600 mm,61.9509447
Plough,1 mulch rate,600 mm,56.01610729
Plough,1 mulch rate,600 mm,77.33584805
Plough,1 mulch rate,600 mm,27.32573201
Plough,1 mulch rate,600 mm,31.93826602
Plough,1 mulch rate,600 mm,53.28170009
Plough,1 mulch rate,600 mm,70.78686507
Plough,1 mulch rate,600 mm,73.53518211
Plough,1 mulch rate,600 mm,49.50189902
Plough,1 mulch rate,600 mm,74.52482618
Plough,1 mulch rate,600 mm,30.46440082
Plough,1 mulch rate,600 mm,35.27528921
Plough,1 mulch rate,600 mm,31.19489689
Plough,1 mulch rate,600 mm,68.69508747
Plough,1 mulch rate,600 mm,43.13347065
Plough,1 mulch rate,600 mm,45.17279271
Plough,1 mulch rate,600 mm,67.42036301
Plough,1 mulch rate,600 mm,30.89457707
Plough,1 mulch rate,600 mm,34.16355537
Plough,1 mulch rate,600 mm,50.74883058
Plough,1 mulch rate,900 mm,105.3324456
Plough,1 mulch rate,900 mm,117.956069
Plough,1 mulch rate,900 mm,137.4346414
Plough,1 mulch rate,900 mm,49.15716032
Plough,1 mulch rate,900 mm,62.83311492
Plough,1 mulch rate,900 mm,67.26903338
Plough,1 mulch rate,900 mm,130.062883
Plough,1 mulch rate,900 mm,83.091126
Plough,1 mulch rate,900 mm,110.5365584
Plough,1 mulch rate,900 mm,61.21222996
Plough,1 mulch rate,900 mm,70.1147269
Plough,1 mulch rate,900 mm,49.79782516
Plough,1 mulch rate,900 mm,71.07867476
Plough,1 mulch rate,900 mm,88.75144632
Plough,1 mulch rate,900 mm,111.8924602
Plough,1 mulch rate,900 mm,51.2659992
Plough,1 mulch rate,900 mm,61.75461562
Plough,1 mulch rate,900 mm,83.09626647
Ripper,1 mulch rate,300 mm,31.36605861
Ripper,1 mulch rate,300 mm,23.81096747
Ripper,1 mulch rate,300 mm,22.12942215
Ripper,1 mulch rate,300 mm,32.03118402
Ripper,1 mulch rate,300 mm,11.72655639
Ripper,1 mulch rate,300 mm,11.96047697
Ripper,1 mulch rate,300 mm,40.59230769
Ripper,1 mulch rate,300 mm,20.96437841
Ripper,1 mulch rate,300 mm,24.55848064
Ripper,1 mulch rate,300 mm,24.44908722
Ripper,1 mulch rate,300 mm,33.76601144
Ripper,1 mulch rate,300 mm,9.66456044
Ripper,1 mulch rate,300 mm,16.07513575
Ripper,1 mulch rate,300 mm,20.06765837
Ripper,1 mulch rate,300 mm,24.94405402
Ripper,1 mulch rate,300 mm,25.36154552
Ripper,1 mulch rate,300 mm,25.57982897
Ripper,1 mulch rate,300 mm,23.86698297
Ripper,1 mulch rate,300 mm,13.83973592
Ripper,1 mulch rate,300 mm,12.19075581
Ripper,1 mulch rate,300 mm,25.7219457
Ripper,1 mulch rate,600 mm,62.52835908
Ripper,1 mulch rate,600 mm,55.49842706
Ripper,1 mulch rate,600 mm,45.91662136
Ripper,1 mulch rate,600 mm,61.75663045
Ripper,1 mulch rate,600 mm,26.34208377
Ripper,1 mulch rate,600 mm,32.51377896
Ripper,1 mulch rate,600 mm,57.22256376
Ripper,1 mulch rate,600 mm,47.85661742
Ripper,1 mulch rate,600 mm,61.04264731
Ripper,1 mulch rate,600 mm,50.3454175
Ripper,1 mulch rate,600 mm,75.30426956
Ripper,1 mulch rate,600 mm,28.26439315
Ripper,1 mulch rate,600 mm,37.4442147
Ripper,1 mulch rate,600 mm,36.8246882
Ripper,1 mulch rate,600 mm,48.09412504
Ripper,1 mulch rate,600 mm,50.49281385
Ripper,1 mulch rate,600 mm,55.21852463
Ripper,1 mulch rate,600 mm,57.39412583
Ripper,1 mulch rate,600 mm,33.32762412
Ripper,1 mulch rate,600 mm,32.01549764
Ripper,1 mulch rate,600 mm,54.08608805
Ripper,1 mulch rate,900 mm,88.99535014
Ripper,1 mulch rate,900 mm,77.20929225
Ripper,1 mulch rate,900 mm,107.1272644
Ripper,1 mulch rate,900 mm,45.29681644
Ripper,1 mulch rate,900 mm,62.58711379
Ripper,1 mulch rate,900 mm,77.06085379
Ripper,1 mulch rate,900 mm,98.93432647
Ripper,1 mulch rate,900 mm,80.66384787
Ripper,1 mulch rate,900 mm,119.1118537
Ripper,1 mulch rate,900 mm,51.5713036
Ripper,1 mulch rate,900 mm,72.26697756
Ripper,1 mulch rate,900 mm,57.29796927
Ripper,1 mulch rate,900 mm,82.09226053
Ripper,1 mulch rate,900 mm,79.24230546
Ripper,1 mulch rate,900 mm,97.25256956
Ripper,1 mulch rate,900 mm,54.71824912
Ripper,1 mulch rate,900 mm,57.06585328
Ripper,1 mulch rate,900 mm,96.12235388
Basins,2 mulch rate,300 mm,37.97656562
Basins,2 mulch rate,300 mm,35.12428747
Basins,2 mulch rate,300 mm,22.93069366
Basins,2 mulch rate,300 mm,34.01244378
Basins,2 mulch rate,300 mm,17.19118227
Basins,2 mulch rate,300 mm,12.80119048
Basins,2 mulch rate,300 mm,15.87263309
Basins,2 mulch rate,300 mm,27.79140449
Basins,2 mulch rate,300 mm,33.49833479
Basins,2 mulch rate,300 mm,27.69659091
Basins,2 mulch rate,300 mm,31.58423592
Basins,2 mulch rate,300 mm,9.701009658
Basins,2 mulch rate,300 mm,15.31682674
Basins,2 mulch rate,300 mm,19.95151631
Basins,2 mulch rate,300 mm,34.23474903
Basins,2 mulch rate,300 mm,30.80776723
Basins,2 mulch rate,300 mm,26.56243848
Basins,2 mulch rate,300 mm,26.37623847
Basins,2 mulch rate,300 mm,14.19550366
Basins,2 mulch rate,300 mm,13.80503407
Basins,2 mulch rate,300 mm,28.86103523
Basins,2 mulch rate,600 mm,75.71394342
Basins,2 mulch rate,600 mm,83.55032137
Basins,2 mulch rate,600 mm,52.43139789
Basins,2 mulch rate,600 mm,81.2743756
Basins,2 mulch rate,600 mm,33.36006837
Basins,2 mulch rate,600 mm,28.03251034
Basins,2 mulch rate,600 mm,38.62783064
Basins,2 mulch rate,600 mm,70.16229434
Basins,2 mulch rate,600 mm,61.50687502
Basins,2 mulch rate,600 mm,54.56080525
Basins,2 mulch rate,600 mm,68.24038875
Basins,2 mulch rate,600 mm,31.23267597
Basins,2 mulch rate,600 mm,35.72363346
Basins,2 mulch rate,600 mm,46.29142794
Basins,2 mulch rate,600 mm,70.17766605
Basins,2 mulch rate,600 mm,61.11540932
Basins,2 mulch rate,600 mm,58.59305744
Basins,2 mulch rate,600 mm,62.43697294
Basins,2 mulch rate,600 mm,34.47571199
Basins,2 mulch rate,600 mm,27.69621876
Basins,2 mulch rate,600 mm,56.67353523
Basins,2 mulch rate,900 mm,118.7254546
Basins,2 mulch rate,900 mm,85.5194126
Basins,2 mulch rate,900 mm,126.0226833
Basins,2 mulch rate,900 mm,55.54309805
Basins,2 mulch rate,900 mm,60.61481094
Basins,2 mulch rate,900 mm,62.25970293
Basins,2 mulch rate,900 mm,110.8242247
Basins,2 mulch rate,900 mm,89.87383157
Basins,2 mulch rate,900 mm,102.7765808
Basins,2 mulch rate,900 mm,62.21981946
Basins,2 mulch rate,900 mm,65.20372873
Basins,2 mulch rate,900 mm,71.737183
Basins,2 mulch rate,900 mm,85.65056768
Basins,2 mulch rate,900 mm,97.93014152
Basins,2 mulch rate,900 mm,98.76677342
Basins,2 mulch rate,900 mm,50.97225782
Basins,2 mulch rate,900 mm,44.75476741
Basins,2 mulch rate,900 mm,85.12106856
Plough,2 mulch rate,300 mm,33.16266431
Plough,2 mulch rate,300 mm,28.24075658
Plough,2 mulch rate,300 mm,28.13032787
Plough,2 mulch rate,300 mm,42.22211538
Plough,2 mulch rate,300 mm,13.58320755
Plough,2 mulch rate,300 mm,11.34120937
Plough,2 mulch rate,300 mm,22.26132379
Plough,2 mulch rate,300 mm,29.22148541
Plough,2 mulch rate,300 mm,23.84626393
Plough,2 mulch rate,300 mm,25.50933283
Plough,2 mulch rate,300 mm,20.06603989
Plough,2 mulch rate,300 mm,11.04823285
Plough,2 mulch rate,300 mm,14.97015348
Plough,2 mulch rate,300 mm,28.0789525
Plough,2 mulch rate,300 mm,24.2892724
Plough,2 mulch rate,300 mm,21.50143678
Plough,2 mulch rate,300 mm,17.45170455
Plough,2 mulch rate,300 mm,30.66574122
Plough,2 mulch rate,300 mm,12.95992225
Plough,2 mulch rate,300 mm,16.4199576
Plough,2 mulch rate,300 mm,30.021875
Plough,2 mulch rate,600 mm,62.01417621
Plough,2 mulch rate,600 mm,56.01292407
Plough,2 mulch rate,600 mm,50.84971679
Plough,2 mulch rate,600 mm,76.98488694
Plough,2 mulch rate,600 mm,31.11574843
Plough,2 mulch rate,600 mm,27.34782182
Plough,2 mulch rate,600 mm,44.19435121
Plough,2 mulch rate,600 mm,54.43234067
Plough,2 mulch rate,600 mm,53.47553259
Plough,2 mulch rate,600 mm,52.50178445
Plough,2 mulch rate,600 mm,45.5663217
Plough,2 mulch rate,600 mm,27.44074135
Plough,2 mulch rate,600 mm,32.54789631
Plough,2 mulch rate,600 mm,47.69180297
Plough,2 mulch rate,600 mm,50.78184813
Plough,2 mulch rate,600 mm,48.45215621
Plough,2 mulch rate,600 mm,40.00722693
Plough,2 mulch rate,600 mm,63.42067316
Plough,2 mulch rate,600 mm,33.92059167
Plough,2 mulch rate,600 mm,35.49602702
Plough,2 mulch rate,600 mm,47.40491071
Plough,2 mulch rate,900 mm,89.88886157
Plough,2 mulch rate,900 mm,85.6577754
Plough,2 mulch rate,900 mm,118.1035859
Plough,2 mulch rate,900 mm,44.79703634
Plough,2 mulch rate,900 mm,55.37984296
Plough,2 mulch rate,900 mm,67.64546317
Plough,2 mulch rate,900 mm,101.6163904
Plough,2 mulch rate,900 mm,93.87005368
Plough,2 mulch rate,900 mm,86.76874874
Plough,2 mulch rate,900 mm,54.05483502
Plough,2 mulch rate,900 mm,58.55500594
Plough,2 mulch rate,900 mm,70.35658558
Plough,2 mulch rate,900 mm,74.09390449
Plough,2 mulch rate,900 mm,72.65198756
Plough,2 mulch rate,900 mm,108.0824769
Plough,2 mulch rate,900 mm,60.7610244
Plough,2 mulch rate,900 mm,66.58686525
Plough,2 mulch rate,900 mm,90.23362188
Ripper,2 mulch rate,300 mm,32.20580933
Ripper,2 mulch rate,300 mm,26.63086694
Ripper,2 mulch rate,300 mm,28.11219952
Ripper,2 mulch rate,300 mm,38.0512987
Ripper,2 mulch rate,300 mm,8.687864289
Ripper,2 mulch rate,300 mm,13.73915833
Ripper,2 mulch rate,300 mm,13.73915833
Ripper,2 mulch rate,300 mm,36.31989033
Ripper,2 mulch rate,300 mm,16.61787414
Ripper,2 mulch rate,300 mm,33.83387122
Ripper,2 mulch rate,300 mm,37.9476542
Ripper,2 mulch rate,300 mm,10.43417727
Ripper,2 mulch rate,300 mm,18.80479348
Ripper,2 mulch rate,300 mm,26.14264001
Ripper,2 mulch rate,300 mm,35.88019802
Ripper,2 mulch rate,300 mm,39.88512274
Ripper,2 mulch rate,300 mm,31.28783162
Ripper,2 mulch rate,300 mm,39.3747297
Ripper,2 mulch rate,300 mm,21.3289759
Ripper,2 mulch rate,300 mm,16.17865076
Ripper,2 mulch rate,300 mm,21.78264672
Ripper,2 mulch rate,600 mm,69.3313489
Ripper,2 mulch rate,600 mm,55.76999691
Ripper,2 mulch rate,600 mm,64.6704138
Ripper,2 mulch rate,600 mm,78.31751782
Ripper,2 mulch rate,600 mm,27.76374664
Ripper,2 mulch rate,600 mm,33.34042473
Ripper,2 mulch rate,600 mm,33.34042473
Ripper,2 mulch rate,600 mm,61.02558398
Ripper,2 mulch rate,600 mm,43.04368433
Ripper,2 mulch rate,600 mm,59.51438189
Ripper,2 mulch rate,600 mm,69.96846341
Ripper,2 mulch rate,600 mm,22.06267303
Ripper,2 mulch rate,600 mm,47.93663986
Ripper,2 mulch rate,600 mm,45.00201501
Ripper,2 mulch rate,600 mm,65.13325163
Ripper,2 mulch rate,600 mm,92.90312647
Ripper,2 mulch rate,600 mm,69.00911755
Ripper,2 mulch rate,600 mm,77.68998018
Ripper,2 mulch rate,600 mm,50.90301724
Ripper,2 mulch rate,600 mm,33.17637803
Ripper,2 mulch rate,600 mm,40.0168287
Ripper,2 mulch rate,900 mm,81.21010007
Ripper,2 mulch rate,900 mm,93.22621451
Ripper,2 mulch rate,900 mm,116.1631909
Ripper,2 mulch rate,900 mm,51.54644505
Ripper,2 mulch rate,900 mm,63.12141304
Ripper,2 mulch rate,900 mm,63.12141304
Ripper,2 mulch rate,900 mm,75.70564714
Ripper,2 mulch rate,900 mm,109.4966456
Ripper,2 mulch rate,900 mm,91.05908284
Ripper,2 mulch rate,900 mm,38.66368901
Ripper,2 mulch rate,900 mm,76.60654495
Ripper,2 mulch rate,900 mm,70.35495815
Ripper,2 mulch rate,900 mm,143.6520254
Ripper,2 mulch rate,900 mm,98.90155414
Ripper,2 mulch rate,900 mm,126.6197273
Ripper,2 mulch rate,900 mm,79.03967768
Ripper,2 mulch rate,900 mm,55.11516613
Ripper,2 mulch rate,900 mm,59.47054724
Basins,4 mulch rate,300 mm,30.15014275
Basins,4 mulch rate,300 mm,34.11836615
Basins,4 mulch rate,300 mm,31.10833333
Basins,4 mulch rate,300 mm,37.31060817
Basins,4 mulch rate,300 mm,8.40078125
Basins,4 mulch rate,300 mm,13.49839617
Basins,4 mulch rate,300 mm,10.39955631
Basins,4 mulch rate,300 mm,30.99837148
Basins,4 mulch rate,300 mm,39.23103484
Basins,4 mulch rate,300 mm,19.95954545
Basins,4 mulch rate,300 mm,28.26278195
Basins,4 mulch rate,300 mm,11.12201283
Basins,4 mulch rate,300 mm,17.56349462
Basins,4 mulch rate,300 mm,21.02235273
Basins,4 mulch rate,300 mm,44.41829428
Basins,4 mulch rate,300 mm,29.5725
Basins,4 mulch rate,300 mm,26.08563776
Basins,4 mulch rate,300 mm,37.7078972
Basins,4 mulch rate,300 mm,12.17527174
Basins,4 mulch rate,300 mm,11.81024874
Basins,4 mulch rate,300 mm,23.81715152
Basins,4 mulch rate,600 mm,49.62060752
Basins,4 mulch rate,600 mm,71.47388085
Basins,4 mulch rate,600 mm,52.03177083
Basins,4 mulch rate,600 mm,71.85616527
Basins,4 mulch rate,600 mm,27.26950556
Basins,4 mulch rate,600 mm,29.19666756
Basins,4 mulch rate,600 mm,29.75202525
Basins,4 mulch rate,600 mm,60.34418429
Basins,4 mulch rate,600 mm,68.899342
Basins,4 mulch rate,600 mm,37.74622071
Basins,4 mulch rate,600 mm,62.55564691
Basins,4 mulch rate,600 mm,30.03988117
Basins,4 mulch rate,600 mm,44.87785964
Basins,4 mulch rate,600 mm,36.6129163
Basins,4 mulch rate,600 mm,71.29343712
Basins,4 mulch rate,600 mm,58.33951188
Basins,4 mulch rate,600 mm,55.63827609
Basins,4 mulch rate,600 mm,69.74900149
Basins,4 mulch rate,600 mm,30.55813812
Basins,4 mulch rate,600 mm,32.75369237
Basins,4 mulch rate,600 mm,44.55482158
Basins,4 mulch rate,900 mm,111.4176656
Basins,4 mulch rate,900 mm,88.56790348
Basins,4 mulch rate,900 mm,114.1235791
Basins,4 mulch rate,900 mm,48.28048371
Basins,4 mulch rate,900 mm,58.17528194
Basins,4 mulch rate,900 mm,50.73656387
Basins,4 mulch rate,900 mm,106.0849041
Basins,4 mulch rate,900 mm,67.14682479
Basins,4 mulch rate,900 mm,101.2462434
Basins,4 mulch rate,900 mm,49.68339621
Basins,4 mulch rate,900 mm,76.12685338
Basins,4 mulch rate,900 mm,62.90911789
Basins,4 mulch rate,900 mm,82.24351679
Basins,4 mulch rate,900 mm,91.40210184
Basins,4 mulch rate,900 mm,100.2298083
Basins,4 mulch rate,900 mm,56.08006747
Basins,4 mulch rate,900 mm,60.78365477
Basins,4 mulch rate,900 mm,70.72117266
Plough,4 mulch rate,300 mm,25.86163957
Plough,4 mulch rate,300 mm,26.6755814
Plough,4 mulch rate,300 mm,19.89371364
Plough,4 mulch rate,300 mm,41.18099893
Plough,4 mulch rate,300 mm,9.753553137
Plough,4 mulch rate,300 mm,12.74961136
Plough,4 mulch rate,300 mm,29.07481539
Plough,4 mulch rate,300 mm,27.45115064
Plough,4 mulch rate,300 mm,27.48079487
Plough,4 mulch rate,300 mm,11.13879173
Plough,4 mulch rate,300 mm,32.82880855
Plough,4 mulch rate,300 mm,10.95559006
Plough,4 mulch rate,300 mm,13.40551181
Plough,4 mulch rate,300 mm,24.54181554
Plough,4 mulch rate,300 mm,37.62421487
Plough,4 mulch rate,300 mm,22.62028986
Plough,4 mulch rate,300 mm,25.1810559
Plough,4 mulch rate,300 mm,35.82458472
Plough,4 mulch rate,300 mm,7.833965728
Plough,4 mulch rate,300 mm,15.39081633
Plough,4 mulch rate,300 mm,18.11931212
Plough,4 mulch rate,600 mm,49.65927846
Plough,4 mulch rate,600 mm,50.750893
Plough,4 mulch rate,600 mm,40.64603507
Plough,4 mulch rate,600 mm,77.57824499
Plough,4 mulch rate,600 mm,24.17976868
Plough,4 mulch rate,600 mm,31.71457615
Plough,4 mulch rate,600 mm,57.03069854
Plough,4 mulch rate,600 mm,52.81934054
Plough,4 mulch rate,600 mm,57.81399986
Plough,4 mulch rate,600 mm,41.16691673
Plough,4 mulch rate,600 mm,62.17161096
Plough,4 mulch rate,600 mm,29.98120858
Plough,4 mulch rate,600 mm,36.66456354
Plough,4 mulch rate,600 mm,41.0533641
Plough,4 mulch rate,600 mm,71.80811302
Plough,4 mulch rate,600 mm,50.05642987
Plough,4 mulch rate,600 mm,55.63008774
Plough,4 mulch rate,600 mm,68.64742955
Plough,4 mulch rate,600 mm,28.10551516
Plough,4 mulch rate,600 mm,36.2192481
Plough,4 mulch rate,600 mm,49.80248602
Plough,4 mulch rate,900 mm,81.66741721
Plough,4 mulch rate,900 mm,67.75054306
Plough,4 mulch rate,900 mm,113.5330101
Plough,4 mulch rate,900 mm,43.05813808
Plough,4 mulch rate,900 mm,64.59789382
Plough,4 mulch rate,900 mm,82.20036081
Plough,4 mulch rate,900 mm,96.89905934
Plough,4 mulch rate,900 mm,81.8394513
Plough,4 mulch rate,900 mm,102.8591422
Plough,4 mulch rate,900 mm,53.03491063
Plough,4 mulch rate,900 mm,66.27259829
Plough,4 mulch rate,900 mm,60.9762356
Plough,4 mulch rate,900 mm,87.07470729
Plough,4 mulch rate,900 mm,81.74810566
Plough,4 mulch rate,900 mm,107.1418294
Plough,4 mulch rate,900 mm,52.76391204
Plough,4 mulch rate,900 mm,62.94047727
Plough,4 mulch rate,900 mm,91.56346575
Ripper,4 mulch rate,300 mm,40.23517633
Ripper,4 mulch rate,300 mm,37.99989589
Ripper,4 mulch rate,300 mm,18.71505682
Ripper,4 mulch rate,300 mm,33.56537132
Ripper,4 mulch rate,300 mm,8.514473684
Ripper,4 mulch rate,300 mm,17.60061237
Ripper,4 mulch rate,300 mm,21.62737012
Ripper,4 mulch rate,300 mm,30.34477153
Ripper,4 mulch rate,300 mm,22.60507087
Ripper,4 mulch rate,300 mm,16.88065881
Ripper,4 mulch rate,300 mm,37.10982305
Ripper,4 mulch rate,300 mm,8.114914695
Ripper,4 mulch rate,300 mm,18.78245581
Ripper,4 mulch rate,300 mm,23.18684211
Ripper,4 mulch rate,300 mm,41.84681642
Ripper,4 mulch rate,300 mm,37.02204446
Ripper,4 mulch rate,300 mm,46.89282429
Ripper,4 mulch rate,300 mm,34.80196573
Ripper,4 mulch rate,300 mm,18.30733865
Ripper,4 mulch rate,300 mm,19.47307551
Ripper,4 mulch rate,300 mm,24.70625902
Ripper,4 mulch rate,600 mm,70.46905732
Ripper,4 mulch rate,600 mm,72.68406069
Ripper,4 mulch rate,600 mm,51.26915303
Ripper,4 mulch rate,600 mm,69.02965704
Ripper,4 mulch rate,600 mm,23.89545824
Ripper,4 mulch rate,600 mm,40.71428339
Ripper,4 mulch rate,600 mm,42.57937012
Ripper,4 mulch rate,600 mm,60.21720335
Ripper,4 mulch rate,600 mm,47.60071669
Ripper,4 mulch rate,600 mm,42.58524385
Ripper,4 mulch rate,600 mm,71.27800487
Ripper,4 mulch rate,600 mm,23.57483024
Ripper,4 mulch rate,600 mm,43.218835
Ripper,4 mulch rate,600 mm,53.13139907
Ripper,4 mulch rate,600 mm,83.05899844
Ripper,4 mulch rate,600 mm,87.20990559
Ripper,4 mulch rate,600 mm,92.22282429
Ripper,4 mulch rate,600 mm,82.10753159
Ripper,4 mulch rate,600 mm,48.35501224
Ripper,4 mulch rate,600 mm,51.46339809
Ripper,4 mulch rate,600 mm,43.36200054
Ripper,4 mulch rate,900 mm,109.5565973
Ripper,4 mulch rate,900 mm,74.09217133
Ripper,4 mulch rate,900 mm,114.9109565
Ripper,4 mulch rate,900 mm,43.16999278
Ripper,4 mulch rate,900 mm,68.51806701
Ripper,4 mulch rate,900 mm,62.87474716
Ripper,4 mulch rate,900 mm,82.57981866
Ripper,4 mulch rate,900 mm,69.54036893
Ripper,4 mulch rate,900 mm,105.1971394
Ripper,4 mulch rate,900 mm,43.65667836
Ripper,4 mulch rate,900 mm,72.87138885
Ripper,4 mulch rate,900 mm,87.59413025
Ripper,4 mulch rate,900 mm,133.490456
Ripper,4 mulch rate,900 mm,159.6914247
Ripper,4 mulch rate,900 mm,139.5438754
Ripper,4 mulch rate,900 mm,99.34061961
Ripper,4 mulch rate,900 mm,104.7075147
Ripper,4 mulch rate,900 mm,64.28017386
Basins,8 mulch rate,300 mm,29.11701464
Basins,8 mulch rate,300 mm,33.21099025
Basins,8 mulch rate,300 mm,17.91512539
Basins,8 mulch rate,300 mm,36.00361799
Basins,8 mulch rate,300 mm,8.940769525
Basins,8 mulch rate,300 mm,15.53856804
Basins,8 mulch rate,300 mm,11.69744624
Basins,8 mulch rate,300 mm,40.09830116
Basins,8 mulch rate,300 mm,48.93764721
Basins,8 mulch rate,300 mm,20.8662644
Basins,8 mulch rate,300 mm,29.4489312
Basins,8 mulch rate,300 mm,13.02470914
Basins,8 mulch rate,300 mm,15.44834893
Basins,8 mulch rate,300 mm,34.26606583
Basins,8 mulch rate,300 mm,25.50657424
Basins,8 mulch rate,300 mm,17.02583763
Basins,8 mulch rate,300 mm,20.63874172
Basins,8 mulch rate,300 mm,30.68235978
Basins,8 mulch rate,300 mm,6.0215625
Basins,8 mulch rate,300 mm,17.16617074
Basins,8 mulch rate,300 mm,22.44163223
Basins,8 mulch rate,600 mm,57.51208853
Basins,8 mulch rate,600 mm,68.20116882
Basins,8 mulch rate,600 mm,41.69224083
Basins,8 mulch rate,600 mm,77.80037124
Basins,8 mulch rate,600 mm,28.42304801
Basins,8 mulch rate,600 mm,34.39531469
Basins,8 mulch rate,600 mm,25.95409517
Basins,8 mulch rate,600 mm,71.46200928
Basins,8 mulch rate,600 mm,88.17492848
Basins,8 mulch rate,600 mm,44.10929286
Basins,8 mulch rate,600 mm,62.4754312
Basins,8 mulch rate,600 mm,26.63905643
Basins,8 mulch rate,600 mm,34.48556354
Basins,8 mulch rate,600 mm,54.22667928
Basins,8 mulch rate,600 mm,53.74766467
Basins,8 mulch rate,600 mm,41.07326418
Basins,8 mulch rate,600 mm,47.77105304
Basins,8 mulch rate,600 mm,60.24339762
Basins,8 mulch rate,600 mm,25.82875721
Basins,8 mulch rate,600 mm,37.03783506
Basins,8 mulch rate,600 mm,41.32964593
Basins,8 mulch rate,900 mm,109.5290504
Basins,8 mulch rate,900 mm,76.59704451
Basins,8 mulch rate,900 mm,113.8640777
Basins,8 mulch rate,900 mm,51.9393843
Basins,8 mulch rate,900 mm,63.70585184
Basins,8 mulch rate,900 mm,44.92393213
Basins,8 mulch rate,900 mm,123.0248979
Basins,8 mulch rate,900 mm,76.85671391
Basins,8 mulch rate,900 mm,101.6677747
Basins,8 mulch rate,900 mm,52.67690404
Basins,8 mulch rate,900 mm,66.72400054
Basins,8 mulch rate,900 mm,70.10339672
Basins,8 mulch rate,900 mm,65.80593423
Basins,8 mulch rate,900 mm,79.50959393
Basins,8 mulch rate,900 mm,97.46383106
Basins,8 mulch rate,900 mm,42.05111572
Basins,8 mulch rate,900 mm,60.45893435
Basins,8 mulch rate,900 mm,68.36303502
Plough,8 mulch rate,300 mm,33.65300207
Plough,8 mulch rate,300 mm,31.8109143
Plough,8 mulch rate,300 mm,25.0953228
Plough,8 mulch rate,300 mm,45.81991285
Plough,8 mulch rate,300 mm,7.636849044
Plough,8 mulch rate,300 mm,15.83408157
Plough,8 mulch rate,300 mm,21.60631129
Plough,8 mulch rate,300 mm,34.18146998
Plough,8 mulch rate,300 mm,26.66794004
Plough,8 mulch rate,300 mm,23.32475962
Plough,8 mulch rate,300 mm,25.5828196
Plough,8 mulch rate,300 mm,10.73987603
Plough,8 mulch rate,300 mm,12.02368816
Plough,8 mulch rate,300 mm,31.25606061
Plough,8 mulch rate,300 mm,33.62375195
Plough,8 mulch rate,300 mm,23.02638889
Plough,8 mulch rate,300 mm,27.16609957
Plough,8 mulch rate,300 mm,32.82884725
Plough,8 mulch rate,300 mm,18.67537205
Plough,8 mulch rate,300 mm,17.03849184
Plough,8 mulch rate,300 mm,25.03195513
Plough,8 mulch rate,600 mm,59.59619013
Plough,8 mulch rate,600 mm,66.35089297
Plough,8 mulch rate,600 mm,63.05393025
Plough,8 mulch rate,600 mm,88.83523538
Plough,8 mulch rate,600 mm,22.34678975
Plough,8 mulch rate,600 mm,33.56995322
Plough,8 mulch rate,600 mm,46.69089961
Plough,8 mulch rate,600 mm,59.86321184
Plough,8 mulch rate,600 mm,54.14343755
Plough,8 mulch rate,600 mm,51.13685249
Plough,8 mulch rate,600 mm,55.49958107
Plough,8 mulch rate,600 mm,22.80559787
Plough,8 mulch rate,600 mm,26.83723799
Plough,8 mulch rate,600 mm,50.21047171
Plough,8 mulch rate,600 mm,69.55036773
Plough,8 mulch rate,600 mm,61.6692477
Plough,8 mulch rate,600 mm,57.77599309
Plough,8 mulch rate,600 mm,67.46750272
Plough,8 mulch rate,600 mm,35.40086224
Plough,8 mulch rate,600 mm,41.78136197
Plough,8 mulch rate,600 mm,44.96593508
Plough,8 mulch rate,900 mm,99.52513866
Plough,8 mulch rate,900 mm,107.2353237
Plough,8 mulch rate,900 mm,136.3667439
Plough,8 mulch rate,900 mm,45.6522024
Plough,8 mulch rate,900 mm,64.72028038
Plough,8 mulch rate,900 mm,84.10219992
Plough,8 mulch rate,900 mm,81.10306828
Plough,8 mulch rate,900 mm,80.55792081
Plough,8 mulch rate,900 mm,94.10596137
Plough,8 mulch rate,900 mm,40.33133231
Plough,8 mulch rate,900 mm,51.47626743
Plough,8 mulch rate,900 mm,74.0393707
Plough,8 mulch rate,900 mm,98.19085773
Plough,8 mulch rate,900 mm,89.41380168
Plough,8 mulch rate,900 mm,109.4559495
Plough,8 mulch rate,900 mm,67.81428251
Plough,8 mulch rate,900 mm,69.2851855
Plough,8 mulch rate,900 mm,86.7847034
Ripper,8 mulch rate,300 mm,36.62824836
Ripper,8 mulch rate,300 mm,29.02527786
Ripper,8 mulch rate,300 mm,22.02834448
Ripper,8 mulch rate,300 mm,34.04596913
Ripper,8 mulch rate,300 mm,13.50486866
Ripper,8 mulch rate,300 mm,12.90086207
Ripper,8 mulch rate,300 mm,21.15671296
Ripper,8 mulch rate,300 mm,29.19360508
Ripper,8 mulch rate,300 mm,35.40409769
Ripper,8 mulch rate,300 mm,20.65264633
Ripper,8 mulch rate,300 mm,31.95680681
Ripper,8 mulch rate,300 mm,6.531127039
Ripper,8 mulch rate,300 mm,17.65028986
Ripper,8 mulch rate,300 mm,36.81071429
Ripper,8 mulch rate,300 mm,40.28615396
Ripper,8 mulch rate,300 mm,22.61597665
Ripper,8 mulch rate,300 mm,32.40044872
Ripper,8 mulch rate,300 mm,25.87330084
Ripper,8 mulch rate,300 mm,10.17135735
Ripper,8 mulch rate,300 mm,12.76290678
Ripper,8 mulch rate,300 mm,14.71729013
Ripper,8 mulch rate,600 mm,65.51294227
Ripper,8 mulch rate,600 mm,66.3076362
Ripper,8 mulch rate,600 mm,44.7189233
Ripper,8 mulch rate,600 mm,68.21858452
Ripper,8 mulch rate,600 mm,28.02978247
Ripper,8 mulch rate,600 mm,30.14522966
Ripper,8 mulch rate,600 mm,41.03288943
Ripper,8 mulch rate,600 mm,56.5592008
Ripper,8 mulch rate,600 mm,68.26834715
Ripper,8 mulch rate,600 mm,48.13059908
Ripper,8 mulch rate,600 mm,62.17317509
Ripper,8 mulch rate,600 mm,22.5569022
Ripper,8 mulch rate,600 mm,45.14755176
Ripper,8 mulch rate,600 mm,52.32369386
Ripper,8 mulch rate,600 mm,75.95989595
Ripper,8 mulch rate,600 mm,54.50761388
Ripper,8 mulch rate,600 mm,64.49112539
Ripper,8 mulch rate,600 mm,53.1801248
Ripper,8 mulch rate,600 mm,32.17144181
Ripper,8 mulch rate,600 mm,30.05513368
Ripper,8 mulch rate,600 mm,51.21961439
Ripper,8 mulch rate,900 mm,103.754475
Ripper,8 mulch rate,900 mm,82.81980092
Ripper,8 mulch rate,900 mm,111.9834617
Ripper,8 mulch rate,900 mm,47.0337123
Ripper,8 mulch rate,900 mm,62.46797804
Ripper,8 mulch rate,900 mm,61.22282112
Ripper,8 mulch rate,900 mm,105.6231678
Ripper,8 mulch rate,900 mm,81.84331337
Ripper,8 mulch rate,900 mm,99.39943631
Ripper,8 mulch rate,900 mm,36.46509381
Ripper,8 mulch rate,900 mm,73.58817648
Ripper,8 mulch rate,900 mm,67.18247708
Ripper,8 mulch rate,900 mm,81.6135941
Ripper,8 mulch rate,900 mm,103.321199
Ripper,8 mulch rate,900 mm,93.35698754
Ripper,8 mulch rate,900 mm,58.4595601
Ripper,8 mulch rate,900 mm,53.2191316
Ripper,8 mulch rate,900 mm,89.49637471
Basins,10 mulch rate,300 mm,35.02323201
Basins,10 mulch rate,300 mm,31.83142458
Basins,10 mulch rate,300 mm,18.40709726
Basins,10 mulch rate,300 mm,38.90964912
Basins,10 mulch rate,300 mm,11.93891435
Basins,10 mulch rate,300 mm,17.31049475
Basins,10 mulch rate,300 mm,16.64883866
Basins,10 mulch rate,300 mm,37.88704545
Basins,10 mulch rate,300 mm,39.80463602
Basins,10 mulch rate,300 mm,19.27978927
Basins,10 mulch rate,300 mm,34.47604423
Basins,10 mulch rate,300 mm,8.786770692
Basins,10 mulch rate,300 mm,14.87526813
Basins,10 mulch rate,300 mm,28.00138889
Basins,10 mulch rate,300 mm,41.89821429
Basins,10 mulch rate,300 mm,30.20633655
Basins,10 mulch rate,300 mm,35.64903202
Basins,10 mulch rate,300 mm,50.7280303
Basins,10 mulch rate,300 mm,16.24552266
Basins,10 mulch rate,300 mm,14.89479055
Basins,10 mulch rate,300 mm,7.80722928
Basins,10 mulch rate,600 mm,72.57839074
Basins,10 mulch rate,600 mm,66.73436965
Basins,10 mulch rate,600 mm,39.13813175
Basins,10 mulch rate,600 mm,73.48948783
Basins,10 mulch rate,600 mm,25.54347255
Basins,10 mulch rate,600 mm,40.13865153
Basins,10 mulch rate,600 mm,37.86776207
Basins,10 mulch rate,600 mm,68.786239
Basins,10 mulch rate,600 mm,87.64441979
Basins,10 mulch rate,600 mm,40.97299841
Basins,10 mulch rate,600 mm,78.52827637
Basins,10 mulch rate,600 mm,22.77733592
Basins,10 mulch rate,600 mm,44.50176275
Basins,10 mulch rate,600 mm,44.9057914
Basins,10 mulch rate,600 mm,73.05509477
Basins,10 mulch rate,600 mm,60.01309331
Basins,10 mulch rate,600 mm,67.2735001
Basins,10 mulch rate,600 mm,98.37345928
Basins,10 mulch rate,600 mm,34.7456866
Basins,10 mulch rate,600 mm,37.19730916
Basins,10 mulch rate,600 mm,29.53517046
Basins,10 mulch rate,900 mm,112.9513475
Basins,10 mulch rate,900 mm,69.91252054
Basins,10 mulch rate,900 mm,115.4742283
Basins,10 mulch rate,900 mm,48.90355168
Basins,10 mulch rate,900 mm,75.00618634
Basins,10 mulch rate,900 mm,58.22376366
Basins,10 mulch rate,900 mm,135.6290482
Basins,10 mulch rate,900 mm,76.85613658
Basins,10 mulch rate,900 mm,121.7006204
Basins,10 mulch rate,900 mm,47.07681355
Basins,10 mulch rate,900 mm,80.50200765
Basins,10 mulch rate,900 mm,65.34036363
Basins,10 mulch rate,900 mm,93.17735332
Basins,10 mulch rate,900 mm,107.9072615
Basins,10 mulch rate,900 mm,148.3241021
Basins,10 mulch rate,900 mm,58.00211776
Basins,10 mulch rate,900 mm,65.93936257
Basins,10 mulch rate,900 mm,63.54263073
Plough,10 mulch rate,300 mm,39.65160065
Plough,10 mulch rate,300 mm,36.81942786
Plough,10 mulch rate,300 mm,22.44218166
Plough,10 mulch rate,300 mm,40.00059524
Plough,10 mulch rate,300 mm,13.9420443
Plough,10 mulch rate,300 mm,18.86364509
Plough,10 mulch rate,300 mm,16.05684357
Plough,10 mulch rate,300 mm,43.76293153
Plough,10 mulch rate,300 mm,25.39088431
Plough,10 mulch rate,300 mm,24.43182648
Plough,10 mulch rate,300 mm,37.42602572
Plough,10 mulch rate,300 mm,10.17426182
Plough,10 mulch rate,300 mm,19.43093645
Plough,10 mulch rate,300 mm,20.10270368
Plough,10 mulch rate,300 mm,30.51162166
Plough,10 mulch rate,300 mm,18.46828283
Plough,10 mulch rate,300 mm,19.6407358
Plough,10 mulch rate,300 mm,33.77506971
Plough,10 mulch rate,300 mm,6.372584034
Plough,10 mulch rate,300 mm,8.622006352
Plough,10 mulch rate,300 mm,19.80911836
Plough,10 mulch rate,600 mm,72.65208142
Plough,10 mulch rate,600 mm,71.57263763
Plough,10 mulch rate,600 mm,44.70855415
Plough,10 mulch rate,600 mm,84.73557863
Plough,10 mulch rate,600 mm,27.7473446
Plough,10 mulch rate,600 mm,31.81839798
Plough,10 mulch rate,600 mm,39.21197875
Plough,10 mulch rate,600 mm,73.09468432
Plough,10 mulch rate,600 mm,53.40351701
Plough,10 mulch rate,600 mm,51.53712347
Plough,10 mulch rate,600 mm,73.8936682
Plough,10 mulch rate,600 mm,25.45599259
Plough,10 mulch rate,600 mm,43.60278666
Plough,10 mulch rate,600 mm,61.44490123
Plough,10 mulch rate,600 mm,61.26827854
Plough,10 mulch rate,600 mm,45.59539322
Plough,10 mulch rate,600 mm,47.47460882
Plough,10 mulch rate,600 mm,67.59793302
Plough,10 mulch rate,600 mm,24.98502435
Plough,10 mulch rate,600 mm,28.91840854
Plough,10 mulch rate,600 mm,38.27476253
Plough,10 mulch rate,900 mm,112.6322736
Plough,10 mulch rate,900 mm,86.37089389
Plough,10 mulch rate,900 mm,131.1510748
Plough,10 mulch rate,900 mm,44.60370175
Plough,10 mulch rate,900 mm,54.15089425
Plough,10 mulch rate,900 mm,76.24280064
Plough,10 mulch rate,900 mm,99.52958844
Plough,10 mulch rate,900 mm,84.16804866
Plough,10 mulch rate,900 mm,113.9035933
Plough,10 mulch rate,900 mm,43.23697298
Plough,10 mulch rate,900 mm,72.38341166
Plough,10 mulch rate,900 mm,86.8532942
Plough,10 mulch rate,900 mm,78.3377355
Plough,10 mulch rate,900 mm,71.91731287
Plough,10 mulch rate,900 mm,107.1110587
Plough,10 mulch rate,900 mm,49.70289551
Plough,10 mulch rate,900 mm,56.49361328
Plough,10 mulch rate,900 mm,61.49245014
Ripper,10 mulch rate,300 mm,29.76652756
Ripper,10 mulch rate,300 mm,33.37071429
Ripper,10 mulch rate,300 mm,15.05573041
Ripper,10 mulch rate,300 mm,22.49396853
Ripper,10 mulch rate,300 mm,6.213956044
Ripper,10 mulch rate,300 mm,14.14905405
Ripper,10 mulch rate,300 mm,32.98616129
Ripper,10 mulch rate,300 mm,32.86595657
Ripper,10 mulch rate,300 mm,25.39968011
Ripper,10 mulch rate,300 mm,27.55185811
Ripper,10 mulch rate,300 mm,39.55030833
Ripper,10 mulch rate,300 mm,11.81326202
Ripper,10 mulch rate,300 mm,12.46023093
Ripper,10 mulch rate,300 mm,9.178125
Ripper,10 mulch rate,300 mm,41.15639273
Ripper,10 mulch rate,300 mm,24.48706248
Ripper,10 mulch rate,300 mm,37.00460666
Ripper,10 mulch rate,300 mm,33.74679742
Ripper,10 mulch rate,300 mm,15.8099623
Ripper,10 mulch rate,300 mm,12.62590759
Ripper,10 mulch rate,300 mm,15.00590247
Ripper,10 mulch rate,600 mm,56.85050054
Ripper,10 mulch rate,600 mm,62.81344308
Ripper,10 mulch rate,600 mm,36.20033658
Ripper,10 mulch rate,600 mm,58.72596853
Ripper,10 mulch rate,600 mm,23.04784296
Ripper,10 mulch rate,600 mm,31.96061342
Ripper,10 mulch rate,600 mm,55.83836285
Ripper,10 mulch rate,600 mm,66.1967258
Ripper,10 mulch rate,600 mm,55.32124471
Ripper,10 mulch rate,600 mm,53.87754935
Ripper,10 mulch rate,600 mm,80.6855404
Ripper,10 mulch rate,600 mm,29.14213357
Ripper,10 mulch rate,600 mm,31.31151126
Ripper,10 mulch rate,600 mm,22.74168019
Ripper,10 mulch rate,600 mm,72.78696827
Ripper,10 mulch rate,600 mm,58.3310141
Ripper,10 mulch rate,600 mm,70.91630363
Ripper,10 mulch rate,600 mm,68.22804742
Ripper,10 mulch rate,600 mm,41.86681474
Ripper,10 mulch rate,600 mm,34.64064042
Ripper,10 mulch rate,600 mm,36.59380271
Ripper,10 mulch rate,900 mm,96.48902092
Ripper,10 mulch rate,900 mm,70.87008701
Ripper,10 mulch rate,900 mm,104.7111813
Ripper,10 mulch rate,900 mm,37.43975086
Ripper,10 mulch rate,900 mm,53.49025113
Ripper,10 mulch rate,900 mm,75.01212501
Ripper,10 mulch rate,900 mm,85.94190082
Ripper,10 mulch rate,900 mm,91.0266974
Ripper,10 mulch rate,900 mm,123.5515741
Ripper,10 mulch rate,900 mm,44.46155138
Ripper,10 mulch rate,900 mm,62.2145888
Ripper,10 mulch rate,900 mm,42.38102063
Ripper,10 mulch rate,900 mm,92.13471027
Ripper,10 mulch rate,900 mm,105.7168027
Ripper,10 mulch rate,900 mm,105.8218369
Ripper,10 mulch rate,900 mm,69.9737257
Ripper,10 mulch rate,900 mm,68.36299781
Ripper,10 mulch rate,900 mm,62.54022409
